Model,Accuracy,F1,AUC
Decision Tree,0.8231292517006803,0.16129032258064516,0.6636661211129296
Random Forest,0.8401360544217688,0.2033898305084746,0.7980015505211474
